Species ID,Species Name,Gene ID,Gene Symbol,Genetic Entity ID,Genetic Entity Name,Genetic Entity Type,Association,Disease ID,Disease Name,Evidence Code,Evidence Code Name,Based On ID,Based On Name,Source,Reference,Date
NCBITaxon:9606,Homo sapiens,HGNC:397,ALAS2,HGNC:397,,gene,is_implicated_in,DOID:2352,hemochromatosis,ECO:0007191,inference by association of genotype from phenotype used in manual assertion,,,DOID:2352,PMID:16446107,2016-02-12T00:00:00.000-06:00
NCBITaxon:9606,Homo sapiens,HGNC:1069,BMP2,HGNC:1069,,gene,is_implicated_in,DOID:0111029,hemochromatosis type 1,ECO:0007191,inference by association of genotype from phenotype used in manual assertion,,,OMIM:112261 via DOID:0111029,RGD:7240710,2018-01-30T00:00:00.000-06:00
NCBITaxon:9606,Homo sapiens,HGNC:3976,FTH1,HGNC:3976,,gene,is_implicated_in,DOID:0111031,hemochromatosis type 5,ECO:0007191,inference by association of genotype from phenotype used in manual assertion,,,OMIM:134770 via DOID:0111031,RGD:7240710,2018-01-30T00:00:00.000-06:00
NCBITaxon:9606,Homo sapiens,HGNC:15598,HAMP,HGNC:15598,,gene,is_implicated_in,DOID:2352,hemochromatosis,ECO:0007191,inference by association of genotype from phenotype used in manual assertion,,,DOID:2352,PMID:12469120,2007-01-30T00:00:00.000-06:00
NCBITaxon:9606,Homo sapiens,HGNC:15598,HAMP,HGNC:15598,,gene,is_implicated_in,DOID:0111032,hemochromatosis type 2B,ECO:0007191,inference by association of genotype from phenotype used in manual assertion,,,OMIM:606464 via DOID:0111032,RGD:7240710,2018-01-30T00:00:00.000-06:00
NCBITaxon:9606,Homo sapiens,HGNC:4886,HFE,HGNC:4886,,gene,is_implicated_in,DOID:2352,hemochromatosis,ECO:0007191,inference by association of genotype from phenotype used in manual assertion,,,DOID:2352,PMID:10194428,2014-08-04T00:00:00.000-05:00
NCBITaxon:9606,Homo sapiens,HGNC:4886,HFE,HGNC:4886,,gene,is_implicated_in,DOID:2352,hemochromatosis,ECO:0007191,inference by association of genotype from phenotype used in manual assertion,,,DOID:2352,PMID:8696333,2013-01-25T00:00:00.000-06:00
NCBITaxon:9606,Homo sapiens,HGNC:4886,HFE,HGNC:4886,,gene,is_implicated_in,DOID:2352,hemochromatosis,ECO:0007191,inference by association of genotype from phenotype used in manual assertion,,,DOID:2352,PMID:12850493,2016-02-01T00:00:00.000-06:00
NCBITaxon:9606,Homo sapiens,HGNC:4886,HFE,HGNC:4886,,gene,is_implicated_in,DOID:2352,hemochromatosis,ECO:0007191,inference by association of genotype from phenotype used in manual assertion,,,DOID:2352,PMID:30651232,2019-09-06T00:00:00.000-05:00
NCBITaxon:9606,Homo sapiens,HGNC:4886,HFE,HGNC:4886,,gene,is_implicated_in,DOID:0111029,hemochromatosis type 1,ECO:0007191,inference by association of genotype from phenotype used in manual assertion,,,OMIM:613609 via DOID:0111029,RGD:7240710,2023-07-05T00:00:00.000-05:00
NCBITaxon:9606,Homo sapiens,HGNC:4887,HJV,HGNC:4887,,gene,is_implicated_in,DOID:2352,hemochromatosis,ECO:0007191,inference by association of genotype from phenotype used in manual assertion,,,DOID:2352,PMID:14647275,2007-02-05T00:00:00.000-06:00
NCBITaxon:9606,Homo sapiens,HGNC:4887,HJV,HGNC:4887,,gene,is_implicated_in,DOID:0111027,hemochromatosis type 2A,ECO:0007191,inference by association of genotype from phenotype used in manual assertion,,,OMIM:608374 via DOID:0111027,RGD:7240710,2019-03-15T00:00:00.000-05:00
NCBITaxon:9606,Homo sapiens,HGNC:10909,SLC40A1,HGNC:10909,,gene,is_implicated_in,DOID:0111028,hemochromatosis type 4,ECO:0007191,inference by association of genotype from phenotype used in manual assertion,,,OMIM:604653 via DOID:0111028,RGD:7240710,2018-01-30T00:00:00.000-06:00
NCBITaxon:9606,Homo sapiens,HGNC:11762,TFR2,HGNC:11762,,gene,is_implicated_in,DOID:2352,hemochromatosis,ECO:0007191,inference by association of genotype from phenotype used in manual assertion,,,DOID:2352,PMID:10802645,2007-02-01T00:00:00.000-06:00
NCBITaxon:9606,Homo sapiens,HGNC:11762,TFR2,HGNC:11762,,gene,is_implicated_in,DOID:0111030,hemochromatosis type 3,ECO:0007191,inference by association of genotype from phenotype used in manual assertion,,,OMIM:604720 via DOID:0111030,RGD:7240710,2018-01-30T00:00:00.000-06:00
NCBITaxon:9606,Homo sapiens,HGNC:11892,TNF,HGNC:11892,,gene,is_implicated_in,DOID:2352,hemochromatosis,ECO:0007191,inference by association of genotype from phenotype used in manual assertion,,,DOID:2352,PMID:11389006,2017-05-17T00:00:00.000-05:00
NCBITaxon:9606,Homo sapiens,HGNC:11892,TNF,HGNC:11892,,gene,is_implicated_in,DOID:2352,hemochromatosis,ECO:0007191,inference by association of genotype from phenotype used in manual assertion,,,DOID:2352,PMID:16793930,2017-05-16T00:00:00.000-05:00
NCBITaxon:10116,Rattus norvegicus,RGD:2083,Alad,RGD:2083,,gene,is_implicated_in,DOID:2352,hemochromatosis,ECO:0000314,direct assay evidence used in manual assertion,,,DOID:2352,PMID:3679087,2017-05-17T00:00:00.000-05:00
NCBITaxon:10116,Rattus norvegicus,RGD:1310152,Tfr2,RGD:1310152,,gene,is_implicated_in,DOID:0111030,hemochromatosis type 3,ECO:0007191,inference by association of genotype from phenotype used in manual assertion,,,DOID:0111030,PMID:23582421,2021-10-25T00:00:00.000-05:00
NCBITaxon:10090,Mus musculus,MGI:88127,B2m,MGI:3576233,B2m<tm1Jae>/B2m<tm1Jae>  [background:] involves: 129S2/SvPas,genotype,is_implicated_in,DOID:2352,hemochromatosis,ECO:0000033,author statement supported by traceable reference,,,MGI:88127,PMID:8013958,2017-06-26T00:00:00-04:00
NCBITaxon:10090,Mus musculus,MGI:1933533,Hamp,MGI:3702021,Hamp<tm1Svl>/Hamp<tm1Svl>  [background:] involves: 129S2/SvPas * C57BL/6,genotype,is_implicated_in,DOID:0111032,hemochromatosis type 2B,ECO:0000033,author statement supported by traceable reference,,,MGI:1933533,PMID:16574947,2010-03-30T00:00:00-04:00
NCBITaxon:10090,Mus musculus,MGI:109191,Hfe,MGI:3839782,Hfe<tm1.1Gfn>/Hfe<tm1.1Gfn>  [background:] B6.129P2-Hfe<tm1.1Gfn>,genotype,is_implicated_in,DOID:0111029,hemochromatosis type 1,ECO:0000033,author statement supported by traceable reference,,,MGI:109191,PMID:16491649,2009-04-13T00:00:00-04:00
NCBITaxon:10090,Mus musculus,MGI:109191,Hfe,MGI:2655503,Hfe<tm1.1Nca>/Hfe<tm1.1Nca>  [background:] Not Specified,genotype,is_implicated_in,DOID:0111029,hemochromatosis type 1,ECO:0000033,author statement supported by traceable reference,,,MGI:109191,PMID:10791995,2005-06-30T00:00:00-04:00
NCBITaxon:10090,Mus musculus,MGI:109191,Hfe,MGI:2655512,Hfe<tm1.1Nca>/Hfe<tm1.1Nca>  [background:] involves: 129S6/SvEvTac,genotype,is_implicated_in,DOID:0111029,hemochromatosis type 1,ECO:0000033,author statement supported by traceable reference,,,MGI:109191,PMID:10381492,2005-06-30T00:00:00-04:00
NCBITaxon:10090,Mus musculus,MGI:109191,Hfe,MGI:2655513,Hfe<tm1.1Nca>/Hfe<tm1.1Nca>  [background:] involves: 129S6/SvEvTac * C57BL/6J,genotype,is_implicated_in,DOID:0111029,hemochromatosis type 1,ECO:0000033,author statement supported by traceable reference,,,MGI:109191,PMID:10381492,2005-06-30T00:00:00-04:00
NCBITaxon:10090,Mus musculus,MGI:109191,Hfe,MGI:3775649,Hfe<tm1.1Wsr>/Hfe<tm1.1Wsr>  [background:] involves: 129P2/OlaHsd * C57BL/6,genotype,is_implicated_in,DOID:0111029,hemochromatosis type 1,ECO:0000033,author statement supported by traceable reference,,,MGI:109191,PMID:17264297,2008-12-30T00:00:00-05:00
NCBITaxon:10090,Mus musculus,MGI:109191,Hfe,MGI:3839772,Hfe<tm1Gfn>/Hfe<tm1Gfn>  [background:] involves: 129P2/OlaHsd * C57BL/6,genotype,is_implicated_in,DOID:0111029,hemochromatosis type 1,ECO:0000033,author statement supported by traceable reference,,,MGI:109191,PMID:10557317,2009-04-13T00:00:00-04:00
NCBITaxon:10090,Mus musculus,MGI:109191,Hfe,MGI:3839772,Hfe<tm1Gfn>/Hfe<tm1Gfn>  [background:] involves: 129P2/OlaHsd * C57BL/6,genotype,is_implicated_in,DOID:0111029,hemochromatosis type 1,ECO:0000033,author statement supported by traceable reference,,,MGI:109191,PMID:20976594,2018-08-01T00:00:00-04:00
NCBITaxon:10090,Mus musculus,MGI:109191,Hfe,MGI:3033464,Hfe<tm1Sly>/Hfe<tm1Sly>  [background:] Not Specified,genotype,is_implicated_in,DOID:0111029,hemochromatosis type 1,ECO:0000033,author statement supported by traceable reference,,,MGI:109191,PMID:14673107,2005-06-30T00:00:00-04:00
NCBITaxon:10090,Mus musculus,MGI:109191,Hfe,MGI:3033465,Hfe<tm1Sly>/Hfe<tm2Sly>  [background:] involves: 129X1/SvJ * C57BL/6J,genotype,is_implicated_in,DOID:0111029,hemochromatosis type 1,ECO:0000033,author statement supported by traceable reference,,,MGI:109191,PMID:14673107,2005-06-30T00:00:00-04:00
NCBITaxon:10090,Mus musculus,MGI:109191,Hfe,MGI:2655482,Hfe<tm2Nca>/Hfe<tm2Nca>  [background:] involves: 129S6/SvEvTac,genotype,is_implicated_in,DOID:0111029,hemochromatosis type 1,ECO:0000033,author statement supported by traceable reference,,,MGI:109191,PMID:10791995,2005-06-30T00:00:00-04:00
NCBITaxon:10090,Mus musculus,MGI:109191,Hfe,MGI:2655482,Hfe<tm2Nca>/Hfe<tm2Nca>  [background:] involves: 129S6/SvEvTac,genotype,is_implicated_in,DOID:0111029,hemochromatosis type 1,ECO:0000033,author statement supported by traceable reference,,,MGI:109191,PMID:10381492,2005-06-30T00:00:00-04:00
NCBITaxon:10090,Mus musculus,MGI:109191,Hfe,MGI:2655506,Hfe<tm2Nca>/Hfe<tm2Nca>  [background:] involves: 129S6/SvEvTac * C57BL/6J,genotype,is_implicated_in,DOID:0111029,hemochromatosis type 1,ECO:0000033,author statement supported by traceable reference,,,MGI:109191,PMID:10381492,2005-06-30T00:00:00-04:00
NCBITaxon:10090,Mus musculus,MGI:109191,Hfe,MGI:3033466,Hfe<tm2Sly>/Hfe<tm2Sly>  [background:] involves: 129X1/SvJ * C57BL/6J,genotype,is_implicated_in,DOID:0111029,hemochromatosis type 1,ECO:0000033,author statement supported by traceable reference,,,MGI:109191,PMID:14673107,2005-06-30T00:00:00-04:00
NCBITaxon:10090,Mus musculus,MGI:109191,Hfe,MGI:3033467,Hfe<tm2Sly>/Hfe<tm3Sly>  [background:] involves: 129X1/SvJ * C57BL/6J,genotype,is_implicated_in,DOID:0111029,hemochromatosis type 1,ECO:0000033,author statement supported by traceable reference,,,MGI:109191,PMID:14673107,2005-06-30T00:00:00-04:00
NCBITaxon:10090,Mus musculus,MGI:109191,Hfe,MGI:3033469,Hfe<tm3Sly>/Hfe<tm3Sly>  [background:] involves: 129X1/SvJ * C57BL/6J,genotype,is_implicated_in,DOID:0111029,hemochromatosis type 1,ECO:0000033,author statement supported by traceable reference,,,MGI:109191,PMID:14673107,2005-06-30T00:00:00-04:00
NCBITaxon:10090,Mus musculus,MGI:109191,Hfe,MGI:3821583,Hfe<tm1Wsr>/Hfe<tm1Wsr> Tg(Vil1-cre)997Gum/?  [background:] involves: 129P2/OlaHsd * C57BL/6 * SJL,genotype,is_not_implicated_in,DOID:0111029,hemochromatosis type 1,ECO:0000033,author statement supported by traceable reference,,,MGI:109191,PMID:17264297,2008-12-30T00:00:00-05:00
NCBITaxon:10090,Mus musculus,MGI:1916835,Hjv,MGI:3588579,Hjv<tm1Arbr>/Hjv<tm1Arbr>  [background:] involves: 129S4/SvJae * 129X1/SvJ,genotype,is_implicated_in,DOID:0111027,hemochromatosis type 2A,ECO:0000033,author statement supported by traceable reference,,,MGI:1916835,PMID:16075058,2005-09-29T00:00:00-04:00
NCBITaxon:10090,Mus musculus,MGI:1916835,Hjv,MGI:3588420,Hjv<tm1Nca>/Hjv<tm1Nca>  [background:] involves: 129S4/SvJae * 129S6/SvEvTac,genotype,is_implicated_in,DOID:0111027,hemochromatosis type 2A,ECO:0000033,author statement supported by traceable reference,,,MGI:1916835,PMID:16075059,2005-09-27T00:00:00-04:00
NCBITaxon:10090,Mus musculus,MGI:96163,Hmox1,MGI:2429787,Hmox1<tm1Poss>/Hmox1<tm1Poss>  [background:] involves: 129S2/SvPas * C57BL/6,genotype,is_implicated_in,DOID:2352,hemochromatosis,ECO:0000033,author statement supported by traceable reference,,,MGI:96163,PMID:9380735,2017-07-06T00:00:00-04:00
NCBITaxon:10090,Mus musculus,MGI:1315204,Slc40a1,MGI:3700665,Slc40a1<ffe>/Slc40a1<+>  [background:] either: (involves: 129X1/SvJ * C57BL/6J) or (involves: C3H/HeJ * C57BL/6J),genotype,is_implicated_in,DOID:0111028,hemochromatosis type 4,ECO:0000033,author statement supported by traceable reference,,,MGI:1315204,PMID:17289807,2007-03-22T00:00:00-04:00
NCBITaxon:10090,Mus musculus,MGI:1315204,Slc40a1,MGI:5607261,Slc40a1<tm1.1Mmfe>/Slc40a1<+>  [background:] involves: 129P2/OlaHsd * C57BL/6,genotype,is_implicated_in,DOID:0111028,hemochromatosis type 4,ECO:0000033,author statement supported by traceable reference,,,MGI:1315204,PMID:25100063,2014-12-16T00:00:00-05:00
NCBITaxon:10090,Mus musculus,MGI:1315204,Slc40a1,MGI:5607258,Slc40a1<tm1.1Mmfe>/Slc40a1<tm1.1Mmfe>  [background:] involves: 129P2/OlaHsd * C57BL/6,genotype,is_implicated_in,DOID:0111028,hemochromatosis type 4,ECO:0000033,author statement supported by traceable reference,,,MGI:1315204,PMID:25100063,2014-12-16T00:00:00-05:00
NCBITaxon:10090,Mus musculus,MGI:1315204,Slc40a1,MGI:3771550,Slc40a1<tm1Nca>/Slc40a1<+>  [background:] involves: 129S4/SvJae * 129S6/SvEvTac,genotype,is_not_implicated_in,DOID:0111028,hemochromatosis type 4,ECO:0000033,author statement supported by traceable reference,,,MGI:1315204,PMID:16054062,2008-02-22T00:00:00-05:00
NCBITaxon:10090,Mus musculus,MGI:1354956,Tfr2,MGI:4458421,Tfr2<tm1.1Anro>/Tfr2<tm1.1Anro>  [background:] 129.Cg-Tfr2<tm1.1Anro>,genotype,is_implicated_in,DOID:0111030,hemochromatosis type 3,ECO:0000033,author statement supported by traceable reference,,,MGI:1354956,PMID:20179178,2010-07-09T00:00:00-04:00
NCBITaxon:10090,Mus musculus,MGI:1354956,Tfr2,MGI:2655464,Tfr2<tm1Slu>/Tfr2<tm1Slu>  [background:] involves: 129X1/SvJ * C57BL/6J,genotype,is_implicated_in,DOID:0111030,hemochromatosis type 3,ECO:0000033,author statement supported by traceable reference,,,MGI:1354956,PMID:12134060,2005-06-10T00:00:00-04:00
NCBITaxon:7955,Danio rerio,ZFIN:ZDB-GENE-041220-3,tfr2,ZFIN:ZDB-FISH-181121-1,tfr2<f6/f6>,affected_genomic_model,is_implicated_in,DOID:0111030,hemochromatosis type 3,ECO:0000304,author statement supported by traceable reference used in manual assertion,,,ZFIN:ZDB-GENE-041220-3,PMID:29897731,2018-11-21T00:00:00-08:00
NCBITaxon:9606,Homo sapiens,HGNC:395,ALAD,HGNC:395,,gene,implicated_via_orthology,DOID:2352,hemochromatosis,ECO:0000501,evidence used in automatic assertion,RGD:2083,Alad,,MGI:6194238,2023-09-21 19:41:52
NCBITaxon:9606,Homo sapiens,HGNC:914,B2M,HGNC:914,,gene,implicated_via_orthology,DOID:2352,hemochromatosis,ECO:0000501,evidence used in automatic assertion,MGI:88127,B2m,,MGI:6194238,2023-09-21 19:41:52
NCBITaxon:9606,Homo sapiens,HGNC:15598,HAMP,HGNC:15598,,gene,implicated_via_orthology,DOID:0111032,hemochromatosis type 2B,ECO:0000501,evidence used in automatic assertion,MGI:1933533,Hamp,,MGI:6194238,2023-09-21 19:41:52
NCBITaxon:9606,Homo sapiens,HGNC:4886,HFE,HGNC:4886,,gene,implicated_via_orthology,DOID:0111029,hemochromatosis type 1,ECO:0000501,evidence used in automatic assertion,MGI:109191,Hfe,,MGI:6194238,2023-09-21 19:41:52
NCBITaxon:9606,Homo sapiens,HGNC:4887,HJV,HGNC:4887,,gene,implicated_via_orthology,DOID:0111027,hemochromatosis type 2A,ECO:0000501,evidence used in automatic assertion,MGI:1916835,Hjv,,MGI:6194238,2023-09-21 19:41:52
NCBITaxon:9606,Homo sapiens,HGNC:5013,HMOX1,HGNC:5013,,gene,implicated_via_orthology,DOID:2352,hemochromatosis,ECO:0000501,evidence used in automatic assertion,MGI:96163,Hmox1,,MGI:6194238,2023-09-21 19:41:52
NCBITaxon:9606,Homo sapiens,HGNC:10909,SLC40A1,HGNC:10909,,gene,implicated_via_orthology,DOID:0111028,hemochromatosis type 4,ECO:0000501,evidence used in automatic assertion,MGI:1315204,Slc40a1,,MGI:6194238,2023-09-21 19:41:52
NCBITaxon:9606,Homo sapiens,HGNC:11762,TFR2,HGNC:11762,,gene,implicated_via_orthology,DOID:0111030,hemochromatosis type 3,ECO:0000501,evidence used in automatic assertion,MGI:1354956,Tfr2,,MGI:6194238,2023-09-21 19:41:52
NCBITaxon:9606,Homo sapiens,HGNC:11762,TFR2,HGNC:11762,,gene,implicated_via_orthology,DOID:0111030,hemochromatosis type 3,ECO:0000501,evidence used in automatic assertion,RGD:1310152,Tfr2,,MGI:6194238,2023-09-21 19:41:52
NCBITaxon:9606,Homo sapiens,HGNC:11762,TFR2,HGNC:11762,,gene,implicated_via_orthology,DOID:0111030,hemochromatosis type 3,ECO:0000501,evidence used in automatic assertion,ZFIN:ZDB-GENE-041220-3,tfr2,,MGI:6194238,2023-09-21 19:41:52
NCBITaxon:10116,Rattus norvegicus,RGD:2084,Alas2,RGD:2084,,gene,implicated_via_orthology,DOID:2352,hemochromatosis,ECO:0000501,evidence used in automatic assertion,HGNC:397,ALAS2,,MGI:6194238,2023-09-21 19:41:52
NCBITaxon:10116,Rattus norvegicus,RGD:2189,B2m,RGD:2189,,gene,implicated_via_orthology,DOID:2352,hemochromatosis,ECO:0000501,evidence used in automatic assertion,MGI:88127,B2m,,MGI:6194238,2023-09-21 19:41:52
NCBITaxon:10116,Rattus norvegicus,RGD:2211,Bmp2,RGD:2211,,gene,implicated_via_orthology,DOID:0111029,hemochromatosis type 1,ECO:0000501,evidence used in automatic assertion,HGNC:1069,BMP2,,MGI:6194238,2023-09-21 19:41:52
NCBITaxon:10116,Rattus norvegicus,RGD:2635,Fth1,RGD:2635,,gene,implicated_via_orthology,DOID:0111031,hemochromatosis type 5,ECO:0000501,evidence used in automatic assertion,HGNC:3976,FTH1,,MGI:6194238,2023-09-21 19:41:52
NCBITaxon:10116,Rattus norvegicus,RGD:70971,Hamp,RGD:70971,,gene,implicated_via_orthology,DOID:2352,hemochromatosis,ECO:0000501,evidence used in automatic assertion,HGNC:15598,HAMP,,MGI:6194238,2023-09-21 19:41:52
NCBITaxon:10116,Rattus norvegicus,RGD:70971,Hamp,RGD:70971,,gene,implicated_via_orthology,DOID:0111032,hemochromatosis type 2B,ECO:0000501,evidence used in automatic assertion,HGNC:15598,HAMP,,MGI:6194238,2023-09-21 19:41:52
NCBITaxon:10116,Rattus norvegicus,RGD:70971,Hamp,RGD:70971,,gene,implicated_via_orthology,DOID:0111032,hemochromatosis type 2B,ECO:0000501,evidence used in automatic assertion,MGI:1933533,Hamp,,MGI:6194238,2023-09-21 19:41:52
NCBITaxon:10116,Rattus norvegicus,RGD:2793,Hfe,RGD:2793,,gene,implicated_via_orthology,DOID:2352,hemochromatosis,ECO:0000501,evidence used in automatic assertion,HGNC:4886,HFE,,MGI:6194238,2023-09-21 19:41:52
NCBITaxon:10116,Rattus norvegicus,RGD:2793,Hfe,RGD:2793,,gene,implicated_via_orthology,DOID:0111029,hemochromatosis type 1,ECO:0000501,evidence used in automatic assertion,HGNC:4886,HFE,,MGI:6194238,2023-09-21 19:41:52
NCBITaxon:10116,Rattus norvegicus,RGD:2793,Hfe,RGD:2793,,gene,implicated_via_orthology,DOID:0111029,hemochromatosis type 1,ECO:0000501,evidence used in automatic assertion,MGI:109191,Hfe,,MGI:6194238,2023-09-21 19:41:52
NCBITaxon:10116,Rattus norvegicus,RGD:1310195,Hjv,RGD:1310195,,gene,implicated_via_orthology,DOID:2352,hemochromatosis,ECO:0000501,evidence used in automatic assertion,HGNC:4887,HJV,,MGI:6194238,2023-09-21 19:41:52
NCBITaxon:10116,Rattus norvegicus,RGD:1310195,Hjv,RGD:1310195,,gene,implicated_via_orthology,DOID:0111027,hemochromatosis type 2A,ECO:0000501,evidence used in automatic assertion,HGNC:4887,HJV,,MGI:6194238,2023-09-21 19:41:52
NCBITaxon:10116,Rattus norvegicus,RGD:1310195,Hjv,RGD:1310195,,gene,implicated_via_orthology,DOID:0111027,hemochromatosis type 2A,ECO:0000501,evidence used in automatic assertion,MGI:1916835,Hjv,,MGI:6194238,2023-09-21 19:41:52
NCBITaxon:10116,Rattus norvegicus,RGD:2806,Hmox1,RGD:2806,,gene,implicated_via_orthology,DOID:2352,hemochromatosis,ECO:0000501,evidence used in automatic assertion,MGI:96163,Hmox1,,MGI:6194238,2023-09-21 19:41:52
NCBITaxon:10116,Rattus norvegicus,RGD:620180,Slc40a1,RGD:620180,,gene,implicated_via_orthology,DOID:0111028,hemochromatosis type 4,ECO:0000501,evidence used in automatic assertion,HGNC:10909,SLC40A1,,MGI:6194238,2023-09-21 19:41:52
NCBITaxon:10116,Rattus norvegicus,RGD:620180,Slc40a1,RGD:620180,,gene,implicated_via_orthology,DOID:0111028,hemochromatosis type 4,ECO:0000501,evidence used in automatic assertion,MGI:1315204,Slc40a1,,MGI:6194238,2023-09-21 19:41:52
NCBITaxon:10116,Rattus norvegicus,RGD:1310152,Tfr2,RGD:1310152,,gene,implicated_via_orthology,DOID:2352,hemochromatosis,ECO:0000501,evidence used in automatic assertion,HGNC:11762,TFR2,,MGI:6194238,2023-09-21 19:41:52
NCBITaxon:10116,Rattus norvegicus,RGD:1310152,Tfr2,RGD:1310152,,gene,implicated_via_orthology,DOID:0111030,hemochromatosis type 3,ECO:0000501,evidence used in automatic assertion,HGNC:11762,TFR2,,MGI:6194238,2023-09-21 19:41:52
NCBITaxon:10116,Rattus norvegicus,RGD:1310152,Tfr2,RGD:1310152,,gene,implicated_via_orthology,DOID:0111030,hemochromatosis type 3,ECO:0000501,evidence used in automatic assertion,MGI:1354956,Tfr2,,MGI:6194238,2023-09-21 19:41:52
NCBITaxon:10116,Rattus norvegicus,RGD:1310152,Tfr2,RGD:1310152,,gene,implicated_via_orthology,DOID:0111030,hemochromatosis type 3,ECO:0000501,evidence used in automatic assertion,ZFIN:ZDB-GENE-041220-3,tfr2,,MGI:6194238,2023-09-21 19:41:52
NCBITaxon:10116,Rattus norvegicus,RGD:3876,Tnf,RGD:3876,,gene,implicated_via_orthology,DOID:2352,hemochromatosis,ECO:0000501,evidence used in automatic assertion,HGNC:11892,TNF,,MGI:6194238,2023-09-21 19:41:52
NCBITaxon:10090,Mus musculus,MGI:96853,Alad,MGI:96853,,gene,implicated_via_orthology,DOID:2352,hemochromatosis,ECO:0000501,evidence used in automatic assertion,RGD:2083,Alad,,MGI:6194238,2023-09-21 19:41:52
NCBITaxon:10090,Mus musculus,MGI:87990,Alas2,MGI:87990,,gene,implicated_via_orthology,DOID:2352,hemochromatosis,ECO:0000501,evidence used in automatic assertion,HGNC:397,ALAS2,,MGI:6194238,2023-09-21 19:41:52
NCBITaxon:10090,Mus musculus,MGI:88177,Bmp2,MGI:88177,,gene,implicated_via_orthology,DOID:0111029,hemochromatosis type 1,ECO:0000501,evidence used in automatic assertion,HGNC:1069,BMP2,,MGI:6194238,2023-09-21 19:41:52
NCBITaxon:10090,Mus musculus,MGI:95588,Fth1,MGI:95588,,gene,implicated_via_orthology,DOID:0111031,hemochromatosis type 5,ECO:0000501,evidence used in automatic assertion,HGNC:3976,FTH1,,MGI:6194238,2023-09-21 19:41:52
NCBITaxon:10090,Mus musculus,MGI:1933533,Hamp,MGI:1933533,,gene,implicated_via_orthology,DOID:2352,hemochromatosis,ECO:0000501,evidence used in automatic assertion,HGNC:15598,HAMP,,MGI:6194238,2023-09-21 19:41:52
NCBITaxon:10090,Mus musculus,MGI:1933533,Hamp,MGI:1933533,,gene,implicated_via_orthology,DOID:0111032,hemochromatosis type 2B,ECO:0000501,evidence used in automatic assertion,HGNC:15598,HAMP,,MGI:6194238,2023-09-21 19:41:52
NCBITaxon:10090,Mus musculus,MGI:2153530,Hamp2,MGI:2153530,,gene,implicated_via_orthology,DOID:2352,hemochromatosis,ECO:0000501,evidence used in automatic assertion,HGNC:15598,HAMP,,MGI:6194238,2023-09-21 19:41:52
NCBITaxon:10090,Mus musculus,MGI:2153530,Hamp2,MGI:2153530,,gene,implicated_via_orthology,DOID:0111032,hemochromatosis type 2B,ECO:0000501,evidence used in automatic assertion,HGNC:15598,HAMP,,MGI:6194238,2023-09-21 19:41:52
NCBITaxon:10090,Mus musculus,MGI:109191,Hfe,MGI:109191,,gene,implicated_via_orthology,DOID:2352,hemochromatosis,ECO:0000501,evidence used in automatic assertion,HGNC:4886,HFE,,MGI:6194238,2023-09-21 19:41:52
NCBITaxon:10090,Mus musculus,MGI:109191,Hfe,MGI:109191,,gene,implicated_via_orthology,DOID:0111029,hemochromatosis type 1,ECO:0000501,evidence used in automatic assertion,HGNC:4886,HFE,,MGI:6194238,2023-09-21 19:41:52
NCBITaxon:10090,Mus musculus,MGI:1916835,Hjv,MGI:1916835,,gene,implicated_via_orthology,DOID:2352,hemochromatosis,ECO:0000501,evidence used in automatic assertion,HGNC:4887,HJV,,MGI:6194238,2023-09-21 19:41:52
NCBITaxon:10090,Mus musculus,MGI:1916835,Hjv,MGI:1916835,,gene,implicated_via_orthology,DOID:0111027,hemochromatosis type 2A,ECO:0000501,evidence used in automatic assertion,HGNC:4887,HJV,,MGI:6194238,2023-09-21 19:41:52
NCBITaxon:10090,Mus musculus,MGI:1315204,Slc40a1,MGI:1315204,,gene,implicated_via_orthology,DOID:0111028,hemochromatosis type 4,ECO:0000501,evidence used in automatic assertion,HGNC:10909,SLC40A1,,MGI:6194238,2023-09-21 19:41:52
NCBITaxon:10090,Mus musculus,MGI:1354956,Tfr2,MGI:1354956,,gene,implicated_via_orthology,DOID:2352,hemochromatosis,ECO:0000501,evidence used in automatic assertion,HGNC:11762,TFR2,,MGI:6194238,2023-09-21 19:41:52
NCBITaxon:10090,Mus musculus,MGI:1354956,Tfr2,MGI:1354956,,gene,implicated_via_orthology,DOID:0111030,hemochromatosis type 3,ECO:0000501,evidence used in automatic assertion,HGNC:11762,TFR2,,MGI:6194238,2023-09-21 19:41:52
NCBITaxon:10090,Mus musculus,MGI:1354956,Tfr2,MGI:1354956,,gene,implicated_via_orthology,DOID:0111030,hemochromatosis type 3,ECO:0000501,evidence used in automatic assertion,RGD:1310152,Tfr2,,MGI:6194238,2023-09-21 19:41:52
NCBITaxon:10090,Mus musculus,MGI:1354956,Tfr2,MGI:1354956,,gene,implicated_via_orthology,DOID:0111030,hemochromatosis type 3,ECO:0000501,evidence used in automatic assertion,ZFIN:ZDB-GENE-041220-3,tfr2,,MGI:6194238,2023-09-21 19:41:52
NCBITaxon:10090,Mus musculus,MGI:104798,Tnf,MGI:104798,,gene,implicated_via_orthology,DOID:2352,hemochromatosis,ECO:0000501,evidence used in automatic assertion,HGNC:11892,TNF,,MGI:6194238,2023-09-21 19:41:52
NCBITaxon:7955,Danio rerio,ZFIN:ZDB-GENE-050417-123,alad,ZFIN:ZDB-GENE-050417-123,,gene,implicated_via_orthology,DOID:2352,hemochromatosis,ECO:0000501,evidence used in automatic assertion,RGD:2083,Alad,,MGI:6194238,2023-09-21 19:41:52
NCBITaxon:7955,Danio rerio,ZFIN:ZDB-GENE-001229-1,alas2,ZFIN:ZDB-GENE-001229-1,,gene,implicated_via_orthology,DOID:2352,hemochromatosis,ECO:0000501,evidence used in automatic assertion,HGNC:397,ALAS2,,MGI:6194238,2023-09-21 19:41:52
NCBITaxon:7955,Danio rerio,ZFIN:ZDB-GENE-980526-88,b2m,ZFIN:ZDB-GENE-980526-88,,gene,implicated_via_orthology,DOID:2352,hemochromatosis,ECO:0000501,evidence used in automatic assertion,MGI:88127,B2m,,MGI:6194238,2023-09-21 19:41:52
NCBITaxon:7955,Danio rerio,ZFIN:ZDB-GENE-040426-2136,b2ml,ZFIN:ZDB-GENE-040426-2136,,gene,implicated_via_orthology,DOID:2352,hemochromatosis,ECO:0000501,evidence used in automatic assertion,MGI:88127,B2m,,MGI:6194238,2023-09-21 19:41:52
NCBITaxon:7955,Danio rerio,ZFIN:ZDB-GENE-980526-388,bmp2a,ZFIN:ZDB-GENE-980526-388,,gene,implicated_via_orthology,DOID:0111029,hemochromatosis type 1,ECO:0000501,evidence used in automatic assertion,HGNC:1069,BMP2,,MGI:6194238,2023-09-21 19:41:52
NCBITaxon:7955,Danio rerio,ZFIN:ZDB-GENE-980526-474,bmp2b,ZFIN:ZDB-GENE-980526-474,,gene,implicated_via_orthology,DOID:0111029,hemochromatosis type 1,ECO:0000501,evidence used in automatic assertion,HGNC:1069,BMP2,,MGI:6194238,2023-09-21 19:41:52
NCBITaxon:7955,Danio rerio,ZFIN:ZDB-GENE-000831-2,fth1a,ZFIN:ZDB-GENE-000831-2,,gene,implicated_via_orthology,DOID:0111031,hemochromatosis type 5,ECO:0000501,evidence used in automatic assertion,HGNC:3976,FTH1,,MGI:6194238,2023-09-21 19:41:52
NCBITaxon:7955,Danio rerio,ZFIN:ZDB-GENE-040912-30,fth1b,ZFIN:ZDB-GENE-040912-30,,gene,implicated_via_orthology,DOID:0111031,hemochromatosis type 5,ECO:0000501,evidence used in automatic assertion,HGNC:3976,FTH1,,MGI:6194238,2023-09-21 19:41:52
NCBITaxon:7955,Danio rerio,ZFIN:ZDB-GENE-050726-1,hamp,ZFIN:ZDB-GENE-050726-1,,gene,implicated_via_orthology,DOID:2352,hemochromatosis,ECO:0000501,evidence used in automatic assertion,HGNC:15598,HAMP,,MGI:6194238,2023-09-21 19:41:52
NCBITaxon:7955,Danio rerio,ZFIN:ZDB-GENE-050726-1,hamp,ZFIN:ZDB-GENE-050726-1,,gene,implicated_via_orthology,DOID:0111032,hemochromatosis type 2B,ECO:0000501,evidence used in automatic assertion,HGNC:15598,HAMP,,MGI:6194238,2023-09-21 19:41:52
NCBITaxon:7955,Danio rerio,ZFIN:ZDB-GENE-050726-1,hamp,ZFIN:ZDB-GENE-050726-1,,gene,implicated_via_orthology,DOID:0111032,hemochromatosis type 2B,ECO:0000501,evidence used in automatic assertion,MGI:1933533,Hamp,,MGI:6194238,2023-09-21 19:41:52
NCBITaxon:7955,Danio rerio,ZFIN:ZDB-GENE-030131-651,hjv,ZFIN:ZDB-GENE-030131-651,,gene,implicated_via_orthology,DOID:2352,hemochromatosis,ECO:0000501,evidence used in automatic assertion,HGNC:4887,HJV,,MGI:6194238,2023-09-21 19:41:52
NCBITaxon:7955,Danio rerio,ZFIN:ZDB-GENE-030131-651,hjv,ZFIN:ZDB-GENE-030131-651,,gene,implicated_via_orthology,DOID:0111027,hemochromatosis type 2A,ECO:0000501,evidence used in automatic assertion,HGNC:4887,HJV,,MGI:6194238,2023-09-21 19:41:52
NCBITaxon:7955,Danio rerio,ZFIN:ZDB-GENE-030131-651,hjv,ZFIN:ZDB-GENE-030131-651,,gene,implicated_via_orthology,DOID:0111027,hemochromatosis type 2A,ECO:0000501,evidence used in automatic assertion,MGI:1916835,Hjv,,MGI:6194238,2023-09-21 19:41:52
NCBITaxon:7955,Danio rerio,ZFIN:ZDB-GENE-030131-3102,hmox1a,ZFIN:ZDB-GENE-030131-3102,,gene,implicated_via_orthology,DOID:2352,hemochromatosis,ECO:0000501,evidence used in automatic assertion,MGI:96163,Hmox1,,MGI:6194238,2023-09-21 19:41:52
NCBITaxon:7955,Danio rerio,ZFIN:ZDB-GENE-040426-1807,hmox1b,ZFIN:ZDB-GENE-040426-1807,,gene,implicated_via_orthology,DOID:2352,hemochromatosis,ECO:0000501,evidence used in automatic assertion,MGI:96163,Hmox1,,MGI:6194238,2023-09-21 19:41:52
NCBITaxon:7955,Danio rerio,ZFIN:ZDB-GENE-140820-7,mhc1lfa,ZFIN:ZDB-GENE-140820-7,,gene,implicated_via_orthology,DOID:2352,hemochromatosis,ECO:0000501,evidence used in automatic assertion,HGNC:4886,HFE,,MGI:6194238,2023-09-21 19:41:52
NCBITaxon:7955,Danio rerio,ZFIN:ZDB-GENE-140820-7,mhc1lfa,ZFIN:ZDB-GENE-140820-7,,gene,implicated_via_orthology,DOID:0111029,hemochromatosis type 1,ECO:0000501,evidence used in automatic assertion,HGNC:4886,HFE,,MGI:6194238,2023-09-21 19:41:52
NCBITaxon:7955,Danio rerio,ZFIN:ZDB-GENE-030916-1,mhc1zaa,ZFIN:ZDB-GENE-030916-1,,gene,implicated_via_orthology,DOID:2352,hemochromatosis,ECO:0000501,evidence used in automatic assertion,HGNC:4886,HFE,,MGI:6194238,2023-09-21 19:41:52
NCBITaxon:7955,Danio rerio,ZFIN:ZDB-GENE-030916-1,mhc1zaa,ZFIN:ZDB-GENE-030916-1,,gene,implicated_via_orthology,DOID:0111029,hemochromatosis type 1,ECO:0000501,evidence used in automatic assertion,HGNC:4886,HFE,,MGI:6194238,2023-09-21 19:41:52
NCBITaxon:7955,Danio rerio,ZFIN:ZDB-GENE-030916-1,mhc1zaa,ZFIN:ZDB-GENE-030916-1,,gene,implicated_via_orthology,DOID:0111029,hemochromatosis type 1,ECO:0000501,evidence used in automatic assertion,MGI:109191,Hfe,,MGI:6194238,2023-09-21 19:41:52
NCBITaxon:7955,Danio rerio,ZFIN:ZDB-GENE-040426-2149,mhc1zba,ZFIN:ZDB-GENE-040426-2149,,gene,implicated_via_orthology,DOID:0111029,hemochromatosis type 1,ECO:0000501,evidence used in automatic assertion,MGI:109191,Hfe,,MGI:6194238,2023-09-21 19:41:52
NCBITaxon:7955,Danio rerio,ZFIN:ZDB-GENE-070424-4,mhc1zca,ZFIN:ZDB-GENE-070424-4,,gene,implicated_via_orthology,DOID:0111029,hemochromatosis type 1,ECO:0000501,evidence used in automatic assertion,MGI:109191,Hfe,,MGI:6194238,2023-09-21 19:41:52
NCBITaxon:7955,Danio rerio,ZFIN:ZDB-GENE-070705-176,mhc1zea,ZFIN:ZDB-GENE-070705-176,,gene,implicated_via_orthology,DOID:0111029,hemochromatosis type 1,ECO:0000501,evidence used in automatic assertion,MGI:109191,Hfe,,MGI:6194238,2023-09-21 19:41:52
NCBITaxon:7955,Danio rerio,ZFIN:ZDB-GENE-130206-9,mhc1zfa,ZFIN:ZDB-GENE-130206-9,,gene,implicated_via_orthology,DOID:2352,hemochromatosis,ECO:0000501,evidence used in automatic assertion,HGNC:4886,HFE,,MGI:6194238,2023-09-21 19:41:52
NCBITaxon:7955,Danio rerio,ZFIN:ZDB-GENE-130206-9,mhc1zfa,ZFIN:ZDB-GENE-130206-9,,gene,implicated_via_orthology,DOID:0111029,hemochromatosis type 1,ECO:0000501,evidence used in automatic assertion,HGNC:4886,HFE,,MGI:6194238,2023-09-21 19:41:52
NCBITaxon:7955,Danio rerio,ZFIN:ZDB-GENE-130206-9,mhc1zfa,ZFIN:ZDB-GENE-130206-9,,gene,implicated_via_orthology,DOID:0111029,hemochromatosis type 1,ECO:0000501,evidence used in automatic assertion,MGI:109191,Hfe,,MGI:6194238,2023-09-21 19:41:52
NCBITaxon:7955,Danio rerio,ZFIN:ZDB-GENE-130206-11,mhc1zja,ZFIN:ZDB-GENE-130206-11,,gene,implicated_via_orthology,DOID:2352,hemochromatosis,ECO:0000501,evidence used in automatic assertion,HGNC:4886,HFE,,MGI:6194238,2023-09-21 19:41:52
NCBITaxon:7955,Danio rerio,ZFIN:ZDB-GENE-130206-11,mhc1zja,ZFIN:ZDB-GENE-130206-11,,gene,implicated_via_orthology,DOID:0111029,hemochromatosis type 1,ECO:0000501,evidence used in automatic assertion,HGNC:4886,HFE,,MGI:6194238,2023-09-21 19:41:52
NCBITaxon:7955,Danio rerio,ZFIN:ZDB-GENE-130206-11,mhc1zja,ZFIN:ZDB-GENE-130206-11,,gene,implicated_via_orthology,DOID:0111029,hemochromatosis type 1,ECO:0000501,evidence used in automatic assertion,MGI:109191,Hfe,,MGI:6194238,2023-09-21 19:41:52
NCBITaxon:7955,Danio rerio,ZFIN:ZDB-GENE-130206-5,mhc1zka,ZFIN:ZDB-GENE-130206-5,,gene,implicated_via_orthology,DOID:2352,hemochromatosis,ECO:0000501,evidence used in automatic assertion,HGNC:4886,HFE,,MGI:6194238,2023-09-21 19:41:52
NCBITaxon:7955,Danio rerio,ZFIN:ZDB-GENE-130206-5,mhc1zka,ZFIN:ZDB-GENE-130206-5,,gene,implicated_via_orthology,DOID:0111029,hemochromatosis type 1,ECO:0000501,evidence used in automatic assertion,HGNC:4886,HFE,,MGI:6194238,2023-09-21 19:41:52
NCBITaxon:7955,Danio rerio,ZFIN:ZDB-GENE-130206-5,mhc1zka,ZFIN:ZDB-GENE-130206-5,,gene,implicated_via_orthology,DOID:0111029,hemochromatosis type 1,ECO:0000501,evidence used in automatic assertion,MGI:109191,Hfe,,MGI:6194238,2023-09-21 19:41:52
NCBITaxon:7955,Danio rerio,ZFIN:ZDB-GENE-000511-8,slc40a1,ZFIN:ZDB-GENE-000511-8,,gene,implicated_via_orthology,DOID:0111028,hemochromatosis type 4,ECO:0000501,evidence used in automatic assertion,HGNC:10909,SLC40A1,,MGI:6194238,2023-09-21 19:41:52
NCBITaxon:7955,Danio rerio,ZFIN:ZDB-GENE-000511-8,slc40a1,ZFIN:ZDB-GENE-000511-8,,gene,implicated_via_orthology,DOID:0111028,hemochromatosis type 4,ECO:0000501,evidence used in automatic assertion,MGI:1315204,Slc40a1,,MGI:6194238,2023-09-21 19:41:52
NCBITaxon:7955,Danio rerio,ZFIN:ZDB-GENE-041220-3,tfr2,ZFIN:ZDB-GENE-041220-3,,gene,implicated_via_orthology,DOID:2352,hemochromatosis,ECO:0000501,evidence used in automatic assertion,HGNC:11762,TFR2,,MGI:6194238,2023-09-21 19:41:52
NCBITaxon:7955,Danio rerio,ZFIN:ZDB-GENE-041220-3,tfr2,ZFIN:ZDB-GENE-041220-3,,gene,implicated_via_orthology,DOID:0111030,hemochromatosis type 3,ECO:0000501,evidence used in automatic assertion,HGNC:11762,TFR2,,MGI:6194238,2023-09-21 19:41:52
NCBITaxon:7955,Danio rerio,ZFIN:ZDB-GENE-041220-3,tfr2,ZFIN:ZDB-GENE-041220-3,,gene,implicated_via_orthology,DOID:0111030,hemochromatosis type 3,ECO:0000501,evidence used in automatic assertion,MGI:1354956,Tfr2,,MGI:6194238,2023-09-21 19:41:52
NCBITaxon:7955,Danio rerio,ZFIN:ZDB-GENE-041220-3,tfr2,ZFIN:ZDB-GENE-041220-3,,gene,implicated_via_orthology,DOID:0111030,hemochromatosis type 3,ECO:0000501,evidence used in automatic assertion,RGD:1310152,Tfr2,,MGI:6194238,2023-09-21 19:41:52
NCBITaxon:7955,Danio rerio,ZFIN:ZDB-GENE-050317-1,tnfa,ZFIN:ZDB-GENE-050317-1,,gene,implicated_via_orthology,DOID:2352,hemochromatosis,ECO:0000501,evidence used in automatic assertion,HGNC:11892,TNF,,MGI:6194238,2023-09-21 19:41:52
NCBITaxon:7955,Danio rerio,ZFIN:ZDB-GENE-050601-2,tnfb,ZFIN:ZDB-GENE-050601-2,,gene,implicated_via_orthology,DOID:2352,hemochromatosis,ECO:0000501,evidence used in automatic assertion,HGNC:11892,TNF,,MGI:6194238,2023-09-21 19:41:52
NCBITaxon:8364,Xenopus tropicalis,Xenbase:XB-GENE-962175,alad,Xenbase:XB-GENE-962175,,gene,implicated_via_orthology,DOID:2352,hemochromatosis,ECO:0000501,evidence used in automatic assertion,RGD:2083,Alad,,MGI:6194238,2023-09-21 19:41:52
NCBITaxon:8364,Xenopus tropicalis,Xenbase:XB-GENE-487573,alas2,Xenbase:XB-GENE-487573,,gene,implicated_via_orthology,DOID:2352,hemochromatosis,ECO:0000501,evidence used in automatic assertion,HGNC:397,ALAS2,,MGI:6194238,2023-09-21 19:41:52
NCBITaxon:8364,Xenopus tropicalis,Xenbase:XB-GENE-922470,b2m,Xenbase:XB-GENE-922470,,gene,implicated_via_orthology,DOID:2352,hemochromatosis,ECO:0000501,evidence used in automatic assertion,MGI:88127,B2m,,MGI:6194238,2023-09-21 19:41:52
NCBITaxon:8364,Xenopus tropicalis,Xenbase:XB-GENE-481829,bmp2,Xenbase:XB-GENE-481829,,gene,implicated_via_orthology,DOID:0111029,hemochromatosis type 1,ECO:0000501,evidence used in automatic assertion,HGNC:1069,BMP2,,MGI:6194238,2023-09-21 19:41:52
NCBITaxon:8364,Xenopus tropicalis,Xenbase:XB-GENE-955502,ftmt,Xenbase:XB-GENE-955502,,gene,implicated_via_orthology,DOID:0111031,hemochromatosis type 5,ECO:0000501,evidence used in automatic assertion,HGNC:3976,FTH1,,MGI:6194238,2023-09-21 19:41:52
NCBITaxon:8364,Xenopus tropicalis,Xenbase:XB-GENE-6453365,hamp,Xenbase:XB-GENE-6453365,,gene,implicated_via_orthology,DOID:2352,hemochromatosis,ECO:0000501,evidence used in automatic assertion,HGNC:15598,HAMP,,MGI:6194238,2023-09-21 19:41:52
NCBITaxon:8364,Xenopus tropicalis,Xenbase:XB-GENE-6453365,hamp,Xenbase:XB-GENE-6453365,,gene,implicated_via_orthology,DOID:0111032,hemochromatosis type 2B,ECO:0000501,evidence used in automatic assertion,HGNC:15598,HAMP,,MGI:6194238,2023-09-21 19:41:52
NCBITaxon:8364,Xenopus tropicalis,Xenbase:XB-GENE-6453365,hamp,Xenbase:XB-GENE-6453365,,gene,implicated_via_orthology,DOID:0111032,hemochromatosis type 2B,ECO:0000501,evidence used in automatic assertion,MGI:1933533,Hamp,,MGI:6194238,2023-09-21 19:41:52
NCBITaxon:8364,Xenopus tropicalis,Xenbase:XB-GENE-6453381,hamp2,Xenbase:XB-GENE-6453381,,gene,implicated_via_orthology,DOID:2352,hemochromatosis,ECO:0000501,evidence used in automatic assertion,HGNC:15598,HAMP,,MGI:6194238,2023-09-21 19:41:52
NCBITaxon:8364,Xenopus tropicalis,Xenbase:XB-GENE-6453381,hamp2,Xenbase:XB-GENE-6453381,,gene,implicated_via_orthology,DOID:0111032,hemochromatosis type 2B,ECO:0000501,evidence used in automatic assertion,HGNC:15598,HAMP,,MGI:6194238,2023-09-21 19:41:52
NCBITaxon:8364,Xenopus tropicalis,Xenbase:XB-GENE-6453381,hamp2,Xenbase:XB-GENE-6453381,,gene,implicated_via_orthology,DOID:0111032,hemochromatosis type 2B,ECO:0000501,evidence used in automatic assertion,MGI:1933533,Hamp,,MGI:6194238,2023-09-21 19:41:52
NCBITaxon:8364,Xenopus tropicalis,Xenbase:XB-GENE-922976,hjv,Xenbase:XB-GENE-922976,,gene,implicated_via_orthology,DOID:2352,hemochromatosis,ECO:0000501,evidence used in automatic assertion,HGNC:4887,HJV,,MGI:6194238,2023-09-21 19:41:52
NCBITaxon:8364,Xenopus tropicalis,Xenbase:XB-GENE-922976,hjv,Xenbase:XB-GENE-922976,,gene,implicated_via_orthology,DOID:0111027,hemochromatosis type 2A,ECO:0000501,evidence used in automatic assertion,HGNC:4887,HJV,,MGI:6194238,2023-09-21 19:41:52
NCBITaxon:8364,Xenopus tropicalis,Xenbase:XB-GENE-922976,hjv,Xenbase:XB-GENE-922976,,gene,implicated_via_orthology,DOID:0111027,hemochromatosis type 2A,ECO:0000501,evidence used in automatic assertion,MGI:1916835,Hjv,,MGI:6194238,2023-09-21 19:41:52
NCBITaxon:8364,Xenopus tropicalis,Xenbase:XB-GENE-1002243,hmox1,Xenbase:XB-GENE-1002243,,gene,implicated_via_orthology,DOID:2352,hemochromatosis,ECO:0000501,evidence used in automatic assertion,MGI:96163,Hmox1,,MGI:6194238,2023-09-21 19:41:52
NCBITaxon:8364,Xenopus tropicalis,Xenbase:XB-GENE-484711,mhc1-uba13.2,Xenbase:XB-GENE-484711,,gene,implicated_via_orthology,DOID:0111029,hemochromatosis type 1,ECO:0000501,evidence used in automatic assertion,MGI:109191,Hfe,,MGI:6194238,2023-09-21 19:41:52
NCBITaxon:8364,Xenopus tropicalis,Xenbase:XB-GENE-5873924,mhc1-uda,Xenbase:XB-GENE-5873924,,gene,implicated_via_orthology,DOID:0111029,hemochromatosis type 1,ECO:0000501,evidence used in automatic assertion,MGI:109191,Hfe,,MGI:6194238,2023-09-21 19:41:52
NCBITaxon:8364,Xenopus tropicalis,Xenbase:XB-GENE-963435,slc40a1,Xenbase:XB-GENE-963435,,gene,implicated_via_orthology,DOID:0111028,hemochromatosis type 4,ECO:0000501,evidence used in automatic assertion,HGNC:10909,SLC40A1,,MGI:6194238,2023-09-21 19:41:52
NCBITaxon:8364,Xenopus tropicalis,Xenbase:XB-GENE-963435,slc40a1,Xenbase:XB-GENE-963435,,gene,implicated_via_orthology,DOID:0111028,hemochromatosis type 4,ECO:0000501,evidence used in automatic assertion,MGI:1315204,Slc40a1,,MGI:6194238,2023-09-21 19:41:52
NCBITaxon:8364,Xenopus tropicalis,Xenbase:XB-GENE-480131,tnf,Xenbase:XB-GENE-480131,,gene,implicated_via_orthology,DOID:2352,hemochromatosis,ECO:0000501,evidence used in automatic assertion,HGNC:11892,TNF,,MGI:6194238,2023-09-21 19:41:52
NCBITaxon:8355,Xenopus laevis,Xenbase:XB-GENE-865715,alas2.L,Xenbase:XB-GENE-865715,,gene,implicated_via_orthology,DOID:2352,hemochromatosis,ECO:0000501,evidence used in automatic assertion,HGNC:397,ALAS2,,MGI:6194238,2023-09-21 19:41:52
NCBITaxon:8355,Xenopus laevis,Xenbase:XB-GENE-17337819,alas2.S,Xenbase:XB-GENE-17337819,,gene,implicated_via_orthology,DOID:2352,hemochromatosis,ECO:0000501,evidence used in automatic assertion,HGNC:397,ALAS2,,MGI:6194238,2023-09-21 19:41:52
NCBITaxon:8355,Xenopus laevis,Xenbase:XB-GENE-6252323,bmp2.L,Xenbase:XB-GENE-6252323,,gene,implicated_via_orthology,DOID:0111029,hemochromatosis type 1,ECO:0000501,evidence used in automatic assertion,HGNC:1069,BMP2,,MGI:6194238,2023-09-21 19:41:52
NCBITaxon:8355,Xenopus laevis,Xenbase:XB-GENE-481833,bmp2.S,Xenbase:XB-GENE-481833,,gene,implicated_via_orthology,DOID:0111029,hemochromatosis type 1,ECO:0000501,evidence used in automatic assertion,HGNC:1069,BMP2,,MGI:6194238,2023-09-21 19:41:52
NCBITaxon:8355,Xenopus laevis,Xenbase:XB-GENE-5743368,fth1.1.L,Xenbase:XB-GENE-5743368,,gene,implicated_via_orthology,DOID:0111031,hemochromatosis type 5,ECO:0000501,evidence used in automatic assertion,HGNC:3976,FTH1,,MGI:6194238,2023-09-21 19:41:52
NCBITaxon:8355,Xenopus laevis,Xenbase:XB-GENE-6256345,fth1.1.S,Xenbase:XB-GENE-6256345,,gene,implicated_via_orthology,DOID:0111031,hemochromatosis type 5,ECO:0000501,evidence used in automatic assertion,HGNC:3976,FTH1,,MGI:6194238,2023-09-21 19:41:52
NCBITaxon:8355,Xenopus laevis,Xenbase:XB-GENE-17346594,hjv.L,Xenbase:XB-GENE-17346594,,gene,implicated_via_orthology,DOID:2352,hemochromatosis,ECO:0000501,evidence used in automatic assertion,HGNC:4887,HJV,,MGI:6194238,2023-09-21 19:41:52
NCBITaxon:8355,Xenopus laevis,Xenbase:XB-GENE-17346594,hjv.L,Xenbase:XB-GENE-17346594,,gene,implicated_via_orthology,DOID:0111027,hemochromatosis type 2A,ECO:0000501,evidence used in automatic assertion,HGNC:4887,HJV,,MGI:6194238,2023-09-21 19:41:52
NCBITaxon:8355,Xenopus laevis,Xenbase:XB-GENE-6486427,hjv.S,Xenbase:XB-GENE-6486427,,gene,implicated_via_orthology,DOID:2352,hemochromatosis,ECO:0000501,evidence used in automatic assertion,HGNC:4887,HJV,,MGI:6194238,2023-09-21 19:41:52
NCBITaxon:8355,Xenopus laevis,Xenbase:XB-GENE-6486427,hjv.S,Xenbase:XB-GENE-6486427,,gene,implicated_via_orthology,DOID:0111027,hemochromatosis type 2A,ECO:0000501,evidence used in automatic assertion,HGNC:4887,HJV,,MGI:6194238,2023-09-21 19:41:52
NCBITaxon:8355,Xenopus laevis,Xenbase:XB-GENE-17339314,slc40a1.L,Xenbase:XB-GENE-17339314,,gene,implicated_via_orthology,DOID:0111028,hemochromatosis type 4,ECO:0000501,evidence used in automatic assertion,HGNC:10909,SLC40A1,,MGI:6194238,2023-09-21 19:41:52
NCBITaxon:8355,Xenopus laevis,Xenbase:XB-GENE-6078185,slc40a1.S,Xenbase:XB-GENE-6078185,,gene,implicated_via_orthology,DOID:0111028,hemochromatosis type 4,ECO:0000501,evidence used in automatic assertion,HGNC:10909,SLC40A1,,MGI:6194238,2023-09-21 19:41:52
NCBITaxon:8355,Xenopus laevis,Xenbase:XB-GENE-1193620,tnf.L,Xenbase:XB-GENE-1193620,,gene,implicated_via_orthology,DOID:2352,hemochromatosis,ECO:0000501,evidence used in automatic assertion,HGNC:11892,TNF,,MGI:6194238,2023-09-21 19:41:52
NCBITaxon:8355,Xenopus laevis,Xenbase:XB-GENE-17335928,tnf.S,Xenbase:XB-GENE-17335928,,gene,implicated_via_orthology,DOID:2352,hemochromatosis,ECO:0000501,evidence used in automatic assertion,HGNC:11892,TNF,,MGI:6194238,2023-09-21 19:41:52
NCBITaxon:7227,Drosophila melanogaster,FB:FBgn0020764,Alas,FB:FBgn0020764,,gene,implicated_via_orthology,DOID:2352,hemochromatosis,ECO:0000501,evidence used in automatic assertion,HGNC:397,ALAS2,,MGI:6194238,2023-09-21 19:41:52
NCBITaxon:7227,Drosophila melanogaster,FB:FBgn0000490,dpp,FB:FBgn0000490,,gene,implicated_via_orthology,DOID:0111029,hemochromatosis type 1,ECO:0000501,evidence used in automatic assertion,HGNC:1069,BMP2,,MGI:6194238,2023-09-21 19:41:52
NCBITaxon:7227,Drosophila melanogaster,FB:FBgn0030449,Fer3HCH,FB:FBgn0030449,,gene,implicated_via_orthology,DOID:0111031,hemochromatosis type 5,ECO:0000501,evidence used in automatic assertion,HGNC:3976,FTH1,,MGI:6194238,2023-09-21 19:41:52
NCBITaxon:7227,Drosophila melanogaster,FB:FBgn0037933,Ho,FB:FBgn0037933,,gene,implicated_via_orthology,DOID:2352,hemochromatosis,ECO:0000501,evidence used in automatic assertion,MGI:96163,Hmox1,,MGI:6194238,2023-09-21 19:41:52
NCBITaxon:7227,Drosophila melanogaster,FB:FBgn0036271,Pbgs,FB:FBgn0036271,,gene,implicated_via_orthology,DOID:2352,hemochromatosis,ECO:0000501,evidence used in automatic assertion,RGD:2083,Alad,,MGI:6194238,2023-09-21 19:41:52
NCBITaxon:6239,Caenorhabditis elegans,WB:WBGene00000936,dbl-1,WB:WBGene00000936,,gene,implicated_via_orthology,DOID:0111029,hemochromatosis type 1,ECO:0000501,evidence used in automatic assertion,HGNC:1069,BMP2,,MGI:6194238,2023-09-21 19:41:52
NCBITaxon:6239,Caenorhabditis elegans,WB:WBGene00022154,drag-1,WB:WBGene00022154,,gene,implicated_via_orthology,DOID:2352,hemochromatosis,ECO:0000501,evidence used in automatic assertion,HGNC:4887,HJV,,MGI:6194238,2023-09-21 19:41:52
NCBITaxon:6239,Caenorhabditis elegans,WB:WBGene00022154,drag-1,WB:WBGene00022154,,gene,implicated_via_orthology,DOID:0111027,hemochromatosis type 2A,ECO:0000501,evidence used in automatic assertion,HGNC:4887,HJV,,MGI:6194238,2023-09-21 19:41:52
NCBITaxon:6239,Caenorhabditis elegans,WB:WBGene00022154,drag-1,WB:WBGene00022154,,gene,implicated_via_orthology,DOID:0111027,hemochromatosis type 2A,ECO:0000501,evidence used in automatic assertion,MGI:1916835,Hjv,,MGI:6194238,2023-09-21 19:41:52
NCBITaxon:6239,Caenorhabditis elegans,WB:WBGene00021354,fpn-1.1,WB:WBGene00021354,,gene,implicated_via_orthology,DOID:0111028,hemochromatosis type 4,ECO:0000501,evidence used in automatic assertion,HGNC:10909,SLC40A1,,MGI:6194238,2023-09-21 19:41:52
NCBITaxon:6239,Caenorhabditis elegans,WB:WBGene00021354,fpn-1.1,WB:WBGene00021354,,gene,implicated_via_orthology,DOID:0111028,hemochromatosis type 4,ECO:0000501,evidence used in automatic assertion,MGI:1315204,Slc40a1,,MGI:6194238,2023-09-21 19:41:52
NCBITaxon:6239,Caenorhabditis elegans,WB:WBGene00019977,fpn-1.2,WB:WBGene00019977,,gene,implicated_via_orthology,DOID:0111028,hemochromatosis type 4,ECO:0000501,evidence used in automatic assertion,HGNC:10909,SLC40A1,,MGI:6194238,2023-09-21 19:41:52
NCBITaxon:6239,Caenorhabditis elegans,WB:WBGene00019977,fpn-1.2,WB:WBGene00019977,,gene,implicated_via_orthology,DOID:0111028,hemochromatosis type 4,ECO:0000501,evidence used in automatic assertion,MGI:1315204,Slc40a1,,MGI:6194238,2023-09-21 19:41:52
NCBITaxon:6239,Caenorhabditis elegans,WB:WBGene00001500,ftn-1,WB:WBGene00001500,,gene,implicated_via_orthology,DOID:0111031,hemochromatosis type 5,ECO:0000501,evidence used in automatic assertion,HGNC:3976,FTH1,,MGI:6194238,2023-09-21 19:41:52
NCBITaxon:6239,Caenorhabditis elegans,WB:WBGene00001501,ftn-2,WB:WBGene00001501,,gene,implicated_via_orthology,DOID:0111031,hemochromatosis type 5,ECO:0000501,evidence used in automatic assertion,HGNC:3976,FTH1,,MGI:6194238,2023-09-21 19:41:52
NCBITaxon:559292,Saccharomyces cerevisiae,SGD:S000002640,HEM1,SGD:S000002640,,gene,implicated_via_orthology,DOID:2352,hemochromatosis,ECO:0000501,evidence used in automatic assertion,HGNC:397,ALAS2,,MGI:6194238,2023-09-21 19:41:52
NCBITaxon:559292,Saccharomyces cerevisiae,SGD:S000003008,HEM2,SGD:S000003008,,gene,implicated_via_orthology,DOID:2352,hemochromatosis,ECO:0000501,evidence used in automatic assertion,RGD:2083,Alad,,MGI:6194238,2023-09-21 19:41:52
NCBITaxon:559292,Saccharomyces cerevisiae,SGD:S000004195,HMX1,SGD:S000004195,,gene,implicated_via_orthology,DOID:2352,hemochromatosis,ECO:0000501,evidence used in automatic assertion,MGI:96163,Hmox1,,MGI:6194238,2023-09-21 19:41:52
NCBITaxon:559292,Saccharomyces cerevisiae,SGD:S000006097,TRE1,SGD:S000006097,,gene,implicated_via_orthology,DOID:2352,hemochromatosis,ECO:0000501,evidence used in automatic assertion,HGNC:11762,TFR2,,MGI:6194238,2023-09-21 19:41:52
NCBITaxon:559292,Saccharomyces cerevisiae,SGD:S000006097,TRE1,SGD:S000006097,,gene,implicated_via_orthology,DOID:0111030,hemochromatosis type 3,ECO:0000501,evidence used in automatic assertion,HGNC:11762,TFR2,,MGI:6194238,2023-09-21 19:41:52
NCBITaxon:559292,Saccharomyces cerevisiae,SGD:S000006097,TRE1,SGD:S000006097,,gene,implicated_via_orthology,DOID:0111030,hemochromatosis type 3,ECO:0000501,evidence used in automatic assertion,RGD:1310152,Tfr2,,MGI:6194238,2023-09-21 19:41:52
NCBITaxon:559292,Saccharomyces cerevisiae,SGD:S000006097,TRE1,SGD:S000006097,,gene,implicated_via_orthology,DOID:0111030,hemochromatosis type 3,ECO:0000501,evidence used in automatic assertion,MGI:1354956,Tfr2,,MGI:6194238,2023-09-21 19:41:52
NCBITaxon:559292,Saccharomyces cerevisiae,SGD:S000006097,TRE1,SGD:S000006097,,gene,implicated_via_orthology,DOID:0111030,hemochromatosis type 3,ECO:0000501,evidence used in automatic assertion,ZFIN:ZDB-GENE-041220-3,tfr2,,MGI:6194238,2023-09-21 19:41:52
NCBITaxon:559292,Saccharomyces cerevisiae,SGD:S000005782,TRE2,SGD:S000005782,,gene,implicated_via_orthology,DOID:2352,hemochromatosis,ECO:0000501,evidence used in automatic assertion,HGNC:11762,TFR2,,MGI:6194238,2023-09-21 19:41:52
NCBITaxon:559292,Saccharomyces cerevisiae,SGD:S000005782,TRE2,SGD:S000005782,,gene,implicated_via_orthology,DOID:0111030,hemochromatosis type 3,ECO:0000501,evidence used in automatic assertion,HGNC:11762,TFR2,,MGI:6194238,2023-09-21 19:41:52
NCBITaxon:559292,Saccharomyces cerevisiae,SGD:S000005782,TRE2,SGD:S000005782,,gene,implicated_via_orthology,DOID:0111030,hemochromatosis type 3,ECO:0000501,evidence used in automatic assertion,MGI:1354956,Tfr2,,MGI:6194238,2023-09-21 19:41:52
NCBITaxon:559292,Saccharomyces cerevisiae,SGD:S000005782,TRE2,SGD:S000005782,,gene,implicated_via_orthology,DOID:0111030,hemochromatosis type 3,ECO:0000501,evidence used in automatic assertion,RGD:1310152,Tfr2,,MGI:6194238,2023-09-21 19:41:52
NCBITaxon:559292,Saccharomyces cerevisiae,SGD:S000005782,TRE2,SGD:S000005782,,gene,implicated_via_orthology,DOID:0111030,hemochromatosis type 3,ECO:0000501,evidence used in automatic assertion,ZFIN:ZDB-GENE-041220-3,tfr2,,MGI:6194238,2023-09-21 19:41:52
NCBITaxon:559292,Saccharomyces cerevisiae,SGD:S000003887,VPS70,SGD:S000003887,,gene,implicated_via_orthology,DOID:2352,hemochromatosis,ECO:0000501,evidence used in automatic assertion,HGNC:11762,TFR2,,MGI:6194238,2023-09-21 19:41:52
NCBITaxon:559292,Saccharomyces cerevisiae,SGD:S000003887,VPS70,SGD:S000003887,,gene,implicated_via_orthology,DOID:0111030,hemochromatosis type 3,ECO:0000501,evidence used in automatic assertion,HGNC:11762,TFR2,,MGI:6194238,2023-09-21 19:41:52
NCBITaxon:559292,Saccharomyces cerevisiae,SGD:S000003887,VPS70,SGD:S000003887,,gene,implicated_via_orthology,DOID:0111030,hemochromatosis type 3,ECO:0000501,evidence used in automatic assertion,RGD:1310152,Tfr2,,MGI:6194238,2023-09-21 19:41:52